"","CutiSTIpjuv","DDegg","LSTpjuv","ONIpjuv"
"CutiSTIpjuv",1,0.128405636678794,0.0208364289572903,-0.00681367875582547
"DDegg",0.128405636678794,1,-0.0551733769617434,0.107122242541486
"LSTpjuv",0.0208364289572903,-0.0551733769617434,1,0.174196022769321
"ONIpjuv",-0.00681367875582547,0.107122242541486,0.174196022769321,1
