"","ModelID","AIC","RMSE_loo","RMSE","rsq_full","dev.ex","rmse_imp","rmse_ratio","var1","var2","var3","var4","rankmod","deltaAIC"
"1",893,15.7509389394102,0.363,0.231,0.49,0.6452,0.40590795961836,0.59409204038164,"CutiSTI","DDegg","LSTpjuv","ONIpjuv",1,0
"2",707,15.9378979089258,0.333,0.246,0.47,0.5966,0.366496386806576,0.633503613193424,"CutiSTI","LSTpjuv","ONIpjuv",NA,2,0.186958969515555
"3",1334,17.0765451492794,0.352,0.242,0.46,0.6093,0.376545347369475,0.623454652630525,"CutiSTI","LSTpjuv","ONIpjuv","PPpjuv",3,1.32560620986922
"4",1046,17.1511588246945,0.363,0.241,0.46,0.6156,0.381564617912583,0.618435382087417,"CutiSTI","LSTpjuv","ONIpjuv","Tcop",4,1.40021988528435
"5",1121,17.3076968958007,0.361,0.244,0.45,0.6037,0.372094940567125,0.627905059432875,"CutiSTI","LSTpjuv","MLDpart","ONIpjuv",5,1.55675795639054
"6",1164,17.693472751787,0.373,0.246,0.44,0.5973,0.367044354055085,0.632955645944915,"CutiSTI","LSTpjuv","MLDlarv","ONIpjuv",6,1.94253381237685
